{"means": [12.549999833106995, 2340.90625, 4290.625, 57.125, 47.25], "stds": [7.0931300551964425, 418.6122243030386, 1238.0199349667193, 35.45221255436676, 31.879656522616425]}